city/county,state,name,sex,position,year,headline,link,description
Moses Lake,WA,Todd Voth,male,mayor,2017,Moses Lake Mayor Todd Voth resigns effective immediately - iFIBER One News,https://news.google.com/__i/rss/rd/articles/CBMikgFodHRwOi8vd3d3LmlmaWJlcm9uZS5jb20vY29sdW1iaWFfYmFzaW4vbW9zZXMtbGFrZS1tYXlvci10b2RkLXZvdGgtcmVzaWducy1lZmZlY3RpdmUtaW1tZWRpYXRlbHkvYXJ0aWNsZV85MjEzMTNiZS04NmI0LTExZTctODE0Mi1iMzMzOTUwNzU1MmQuaHRtbNIBAA?oc=5,personal attacks
Bennington,VT,Kiah Morris,female,state representative,2018,"Vermont's only black female state representative resigns after racial harassment, threats - The Washington Post",https://news.google.com/__i/rss/rd/articles/CBMikAFodHRwczovL3d3dy53YXNoaW5ndG9ucG9zdC5jb20vbmV3cy9tb3JuaW5nLW1peC93cC8yMDE4LzA5LzI4L3Zlcm1vbnRzLW9ubHktYmxhY2stZmVtYWxlLXJlcHJlc2VudGF0aXZlLXJlc2lnbnMtYWZ0ZXItcmFjaWFsLWhhcmFzc21lbnQtdGhyZWF0cy_SAQA?oc=5,racist tweets; online threats; swastikas on trees; home invaded
Gettysburg,PA,Abby Avery,female,county humane officer,2018,Adams County humane officer resigns after 'vicious' threats following investigation at Little Horse farm - LNP | LancasterOnline,https://news.google.com/__i/rss/rd/articles/CBMivwFodHRwczovL2xhbmNhc3Rlcm9ubGluZS5jb20vbmV3cy9sb2NhbC9hZGFtcy1jb3VudHktaHVtYW5lLW9mZmljZXItcmVzaWducy1hZnRlci12aWNpb3VzLXRocmVhdHMtZm9sbG93aW5nLWludmVzdGlnYXRpb24tYXQtbGl0dGxlLWhvcnNlLWZhcm0vYXJ0aWNsZV8xMzQxMmUzYS02NWRhLTExZTgtYmQ3My00ZjBkMmUzY2ZkOTQuaHRtbNIBAA?oc=5,threats after her investigation of a miniature horse farm
Lexington,MO,Fred Wiedner,male,mayor,2019,Town mayor resigns after 'absolutely disgusting' attacks on social media: 'I did not sign up for this' - Yahoo Life,https://news.google.com/__i/rss/rd/articles/CBMiX2h0dHBzOi8vd3d3LnlhaG9vLmNvbS9saWZlc3R5bGUvdG93bi1tYXlvci1yZXNpZ25zLWFmdGVyLWF0dGFja3Mtb24tc29jaWFsLW1lZGlhLTIwMDUxNjM5Ni5odG1s0gFnaHR0cHM6Ly93d3cueWFob28uY29tL2FtcGh0bWwvbGlmZXN0eWxlL3Rvd24tbWF5b3ItcmVzaWducy1hZnRlci1hdHRhY2tzLW9uLXNvY2lhbC1tZWRpYS0yMDA1MTYzOTYuaHRtbA?oc=5,social media attacks
Harrison,ID,Kayleen Walker,female,mayor,2019,"Mayor of Harrison, Idaho, resigns, citing fears for family's safety and disagreement over development - The Spokesman Review",https://news.google.com/__i/rss/rd/articles/CBMiYWh0dHBzOi8vd3d3LnNwb2tlc21hbi5jb20vc3Rvcmllcy8yMDE5L2F1Zy8xNi9tYXlvci1vZi1oYXJyaXNvbi1yZXNpZ25zLWNpdGluZy1mZWFycy1mb3ItZmFtaWx5cy_SAQA?oc=5,home vandalism and threat left on her car apparently stemming from her public comments
Grosse Pointe,MI,Brian Summerfield,male,school board president,2020,"Grosse Pointe school board president resigns, cites stress on family - Detroit News",https://news.google.com/__i/rss/rd/articles/CBMiiQFodHRwczovL3d3dy5kZXRyb2l0bmV3cy5jb20vc3RvcnkvbmV3cy9lZHVjYXRpb24vMjAyMC8wMS8wMi9ncm9zc2UtcG9pbnRlLXNjaG9vbC1ib2FyZC1wcmVzaWRlbnQtcmVzaWducy1jaXRpbmctc3RyZXNzLWZhbWlseS8yNzk4MzI0MDAxL9IBAA?oc=5,family threatened on social media stemming from school closures
New Hanover County,NC,Wayne Bullard,male,school board attorney,2020,"New Hanover school board attorney quits, cites public harassment - StarNewsOnline.com",https://news.google.com/__i/rss/rd/articles/CBMigwFodHRwczovL3d3dy5zdGFybmV3c29ubGluZS5jb20vc3Rvcnkvc3BlY2lhbC8yMDIwLzAzLzEwL25ldy1oYW5vdmVyLXNjaG9vbC1ib2FyZC1hdHRvcm5leS1xdWl0cy1jaXRlcy1wdWJsaWMtaGFyYXNzbWVudC8xNTQ2OTE4MDA3L9IBAA?oc=5,harassment
Phoenix,OR,James Snyder,male,city council member,2020,Phoenix City Council member resigns after heated meeting cites safety concerns - KTVL,https://news.google.com/__i/rss/rd/articles/CBMiamh0dHBzOi8va3R2bC5jb20vbmV3cy9sb2NhbC9waG9lbml4LWNpdHktY291bmNpbC1tZW1iZXItcmVzaWducy1hZnRlci1oZWF0ZWQtbWVldGluZy1jaXRlcy1zYWZldHktY29uY2VybnPSAW5odHRwczovL2t0dmwuY29tL2FtcC9uZXdzL2xvY2FsL3Bob2VuaXgtY2l0eS1jb3VuY2lsLW1lbWJlci1yZXNpZ25zLWFmdGVyLWhlYXRlZC1tZWV0aW5nLWNpdGVzLXNhZmV0eS1jb25jZXJucw?oc=5,safety concerns at council meetings
Dodge City,KS,Joyce Warshaw,female,mayor,2020,I do not feel safe': Kansas GOP mayor resigns after threats over backing mask mandate - NBC News,https://news.google.com/__i/rss/rd/articles/CBMiaWh0dHBzOi8vd3d3Lm5iY25ld3MuY29tL3BvbGl0aWNzL3BvbGl0aWNzLW5ld3MvaS1kby1ub3QtZmVlbC1zYWZlLWthbnNhcy1nb3AtbWF5b3ItcmVzaWducy1hZnRlci1uMTI1MTMzNNIBAA?oc=5,phone and email threats over COVID-19 mask mandate
Park Hills,MO,Amber Elliott,female,health department director,2020,St. Francois Co. Health Center Director resigns over threats and harassment - KFVS,https://news.google.com/__i/rss/rd/articles/CBMiaGh0dHBzOi8vd3d3LmtmdnMxMi5jb20vMjAyMC8xMS8yMC9zdC1mcmFuY29pcy1jby1oZWFsdGgtY2VudGVyLWRpcmVjdG9yLXJlc2lnbnMtb3Zlci10aHJlYXRzLWhhcmFzc21lbnQv0gF3aHR0cHM6Ly93d3cua2Z2czEyLmNvbS8yMDIwLzExLzIwL3N0LWZyYW5jb2lzLWNvLWhlYWx0aC1jZW50ZXItZGlyZWN0b3ItcmVzaWducy1vdmVyLXRocmVhdHMtaGFyYXNzbWVudC8_b3V0cHV0VHlwZT1hbXA?oc=5,threats over COVID-19 pandemic policies 
Huntington Beach,CA,Tito Ortiz,male,city council member,2021,"Tito Ortiz resigns from Huntington Beach City Council, citing threats, 'character assassination' - KABC-TV",https://news.google.com/__i/rss/rd/articles/CBMiXGh0dHBzOi8vYWJjNy5jb20vdGl0by1vcnRpei1odW50aW5ndG9uLWJlYWNoLWNpdHktY291bmNpbC1yZXNpZ25zLXBvbGl0aWNhbC1jYXJlZXIvMTA3MzEyMTIv0gEA?oc=5,threats to him and his children
Jack County,TX,James Brock,male,county commissioner,2021,Jack County commissioner resigns after reported threats over wind farm fight - KFDX - Texomashomepage.com,https://news.google.com/__i/rss/rd/articles/CBMifWh0dHBzOi8vd3d3LnRleG9tYXNob21lcGFnZS5jb20vbmV3cy9sb2NhbC1uZXdzL2phY2stY291bnR5LWNvbW1pc3Npb25lci1yZXNpZ25zLWFmdGVyLXJlcG9ydGVkLXRocmVhdHMtb3Zlci13aW5kLWZhcm0tZmlnaHQv0gGBAWh0dHBzOi8vd3d3LnRleG9tYXNob21lcGFnZS5jb20vbmV3cy9sb2NhbC1uZXdzL2phY2stY291bnR5LWNvbW1pc3Npb25lci1yZXNpZ25zLWFmdGVyLXJlcG9ydGVkLXRocmVhdHMtb3Zlci13aW5kLWZhcm0tZmlnaHQvYW1wLw?oc=5,threats over wind farm tax abatements
Chico,CA,Kami Denlay,female,city council member,2021,"Chico City Council Member Kami Denlay resigns, citing concern for family safety - Action News Now",https://news.google.com/__i/rss/rd/articles/CBMiqQFodHRwczovL3d3dy5hY3Rpb25uZXdzbm93LmNvbS9uZXdzL2xvY2FsL2NoaWNvLWNpdHktY291bmNpbC1tZW1iZXIta2FtaS1kZW5sYXktcmVzaWducy1jaXRpbmctY29uY2Vybi1mb3ItZmFtaWx5LXNhZmV0eS9hcnRpY2xlX2RhNjZiNjNkLWQ4NDYtNWEzNC05NzVjLTA4MWQzNTg3ZTRmYy5odG1s0gEA?oc=5,family surveilled
Doylestown,PA,John Gamble,male,school board vice president,2021,"Central Bucks adopts state ordered mask rule, Gamble resigns board after death threats - Bucks County Courier Times",https://news.google.com/__i/rss/rd/articles/CBMiqgFodHRwczovL3d3dy5idWNrc2NvdW50eWNvdXJpZXJ0aW1lcy5jb20vc3RvcnkvbmV3cy8yMDIxLzA5LzAxL2NlbnRyYWwtYnVja3MtYWNob29sLWRpc3RyaWN0LWFkb3B0cy1tYXNrLW1hbmRhdGUtam9obi1nYW1ibGUtcmVzaWducy1hZnRlci10aHJlYXRzLXBlbm5zeWx2YW5pYS81NjcwNDc3MDAxL9IBAA?oc=5,death threats and online harassment over masking decision
Fulton County,GA,Ralph Jones,male,voter registration chief,2021,"After Threats And Pressure, Fulton County Voter Registration Chief Resigns ‚Äì WABE - WABE 90.1 FM",https://news.google.com/__i/rss/rd/articles/CBMiX2h0dHBzOi8vd3d3LndhYmUub3JnL2FmdGVyLXRocmVhdHMtYW5kLXByZXNzdXJlLWZ1bHRvbi1jb3VudHktdm90ZXItcmVnaXN0cmF0aW9uLWNoaWVmLXJlc2lnbnMv0gEA?oc=5,violent threats; strangers visiting his home
Creswell,OR,Amy Knudsen,female,mayor,2021,Mayor of Creswell resigns less than a month after parade citation protest at her home - KVAL,https://news.google.com/__i/rss/rd/articles/CBMicWh0dHBzOi8va3ZhbC5jb20vbmV3cy9sb2NhbC9tYXlvci1vZi1jcmVzd2VsbC1yZXNpZ25zLWxlc3MtdGhhbi1hLW1vbnRoLWFmdGVyLXBhcmFkZS1jaXRhdGlvbi1wcm90ZXN0LWF0LWhlci1ob21l0gF1aHR0cHM6Ly9rdmFsLmNvbS9hbXAvbmV3cy9sb2NhbC9tYXlvci1vZi1jcmVzd2VsbC1yZXNpZ25zLWxlc3MtdGhhbi1hLW1vbnRoLWFmdGVyLXBhcmFkZS1jaXRhdGlvbi1wcm90ZXN0LWF0LWhlci1ob21l?oc=5,people came to her house waving flags and asserting that she was part of the Chinese Communist Party after there was an unauthorized parade held in town and certain people were issued citations; her home address was posted online
Washoe County,NV,Kurt Thigpen,male,school board trustee,2021,School board members resign following 'toxic' debates over CRT and mask mandates - coloradopolitics.com,https://news.google.com/__i/rss/rd/articles/CBMioQFodHRwczovL3d3dy5jb2xvcmFkb3BvbGl0aWNzLmNvbS9zY2hvb2wtYm9hcmQtbWVtYmVycy1yZXNpZ24tZm9sbG93aW5nLXRveGljLWRlYmF0ZXMtb3Zlci1jcnQtYW5kLW1hc2stbWFuZGF0ZXMvYXJ0aWNsZV9mYzJhODgzYS02NmJmLTUyMzAtOTJjOS03ZGYwNjMzMjNhYjAuaHRtbNIBAA?oc=5,violent threats; thoughts of suicide
Robbinsdale,MN,Pam Lindberg,female,school board member,2021,"Robbinsdale School Board Member Resigns, Says 'The Hate Is Too Much' - ccxmedia.org",https://news.google.com/__i/rss/rd/articles/CBMiXGh0dHBzOi8vY2N4bWVkaWEub3JnL25ld3Mvcm9iYmluc2RhbGUtc2Nob29sLWJvYXJkLW1lbWJlci1yZXNpZ25zLXNheXMtdGhlLWhhdGUtaXMtdG9vLW11Y2gv0gEA?oc=5,negative messages on social media
Grand Haven,MI,John Siemion,male,school board president,2021,School board president resigns over harassment following K-12 mask mandate: ‚ÄòIt‚Äôs a no-win situation‚Äô - MLive.com,https://news.google.com/__i/rss/rd/articles/CBMikgFodHRwczovL3d3dy5tbGl2ZS5jb20vbmV3cy9tdXNrZWdvbi8yMDIxLzA5L3NjaG9vbC1ib2FyZC1wcmVzaWRlbnQtcmVzaWducy1vdmVyLWhhcmFzc21lbnQtZm9sbG93aW5nLWstMTItbWFzay1tYW5kYXRlLWl0cy1hLW5vLXdpbi1zaXR1YXRpb24uaHRtbNIBAA?oc=5,threats over mask mandates and vaccines
Beaver Dam,WI,Tony Klatt,male,school board member,2021,"Beaver Dam school board member resigns, citing safety concerns by family amid mask controversy - Madison.com",https://news.google.com/__i/rss/rd/articles/CBMixgFodHRwczovL21hZGlzb24uY29tL25ld3MvbG9jYWwvZWR1Y2F0aW9uL2xvY2FsX3NjaG9vbHMvYmVhdmVyLWRhbS1zY2hvb2wtYm9hcmQtbWVtYmVyLXJlc2lnbnMtY2l0aW5nLXNhZmV0eS1jb25jZXJucy1ieS1mYW1pbHktYW1pZC1tYXNrLWNvbnRyb3ZlcnN5L2FydGljbGVfYjAzZTU2NzctMzJlZi01ZjEyLWE4YjYtMzRkNjMxMTNhYjAxLmh0bWzSAQA?oc=5,threats over mask mandates; unknown car outside his house
Washington County,VA,Terry Fleenor,male,school board member,2021,"Washington County, Va. school board member to resign, citing ‚Äòpolitical climate‚Äô in county - WJHL-TV News Channel 11",https://news.google.com/__i/rss/rd/articles/CBMidmh0dHBzOi8vd3d3LndqaGwuY29tL25ld3MvbG9jYWwvd2FzaGluZ3Rvbi1jb3VudHktdmEtc2Nob29sLWJvYXJkLW1lbWJlci10by1yZXNpZ24tY2l0aW5nLXBvbGl0aWNhbC1jbGltYXRlLWluLWNvdW50eS_SAXpodHRwczovL3d3dy53amhsLmNvbS9uZXdzL2xvY2FsL3dhc2hpbmd0b24tY291bnR5LXZhLXNjaG9vbC1ib2FyZC1tZW1iZXItdG8tcmVzaWduLWNpdGluZy1wb2xpdGljYWwtY2xpbWF0ZS1pbi1jb3VudHkvYW1wLw?oc=5,hate-filled emails; threat to car
South Hadley,MA,Charles Miles,male,school board member,2021,South Hadley school board member quits after mask spat sparks online brouhaha - MassLive.com,https://news.google.com/__i/rss/rd/articles/CBMieGh0dHBzOi8vd3d3Lm1hc3NsaXZlLmNvbS9uZXdzLzIwMjEvMDkvc291dGgtaGFkbGV5LXNjaG9vbC1ib2FyZC1tZW1iZXItcXVpdHMtYWZ0ZXItbWFzay1zcGF0LXNwYXJrcy1vbmxpbmUtYnJvdWhhaGEuaHRtbNIBAA?oc=5,"violent online threats, including being called a ""child abuser,"" because of mask policies"
Stanly County,NC,Jeff Chance,male,school board member,2021,Stanly County Board Chair Resigns After Receiving Death Threats - WCCB Charlotte,https://news.google.com/__i/rss/rd/articles/CBMiaWh0dHBzOi8vd3d3LndjY2JjaGFybG90dGUuY29tLzIwMjEvMTAvMDYvc3Rhbmx5LWNvdW50eS1ib2FyZC1jaGFpci1yZXNpZ25zLWFmdGVyLXJlY2VpdmluZy1kZWF0aC10aHJlYXRzL9IBAA?oc=5,death threats over mask policy
Loudoun County,VA,Beth Barts,female,school board member,2021,Loudoun school board member steps down following threats - WWBT,https://news.google.com/__i/rss/rd/articles/CBMiWmh0dHBzOi8vd3d3Lm5iYzEyLmNvbS8yMDIxLzEwLzI5L2xvdWRvdW4tc2Nob29sLWJvYXJkLW1lbWJlci1zdGVwcy1kb3duLWZvbGxvd2luZy10aHJlYXRzL9IBaWh0dHBzOi8vd3d3Lm5iYzEyLmNvbS8yMDIxLzEwLzI5L2xvdWRvdW4tc2Nob29sLWJvYXJkLW1lbWJlci1zdGVwcy1kb3duLWZvbGxvd2luZy10aHJlYXRzLz9vdXRwdXRUeXBlPWFtcA?oc=5,violent threats to her and her family
Whiteland,IN,Beth Poe,female,school board member,2021,2 Clark-Pleasant school board members resign in wake of contentious meeting - FOX 59 Indianapolis,https://news.google.com/__i/rss/rd/articles/CBMibWh0dHBzOi8vZm94NTkuY29tL25ld3MvZWR1Y2F0aW9uLzItY2xhcmstcGxlYXNhbnQtc2Nob29sLWJvYXJkLW1lbWJlcnMtcmVzaWduLWluLXdha2Utb2YtY29udGVudGlvdXMtbWVldGluZy_SAXFodHRwczovL2ZveDU5LmNvbS9uZXdzL2VkdWNhdGlvbi8yLWNsYXJrLXBsZWFzYW50LXNjaG9vbC1ib2FyZC1tZW1iZXJzLXJlc2lnbi1pbi13YWtlLW9mLWNvbnRlbnRpb3VzLW1lZXRpbmcvYW1wLw?oc=5,threats over mask policy
Whiteland,IN,Laura Cope,female,school board member,2021,2 Clark-Pleasant school board members resign in wake of contentious meeting - FOX 59 Indianapolis,https://news.google.com/__i/rss/rd/articles/CBMibWh0dHBzOi8vZm94NTkuY29tL25ld3MvZWR1Y2F0aW9uLzItY2xhcmstcGxlYXNhbnQtc2Nob29sLWJvYXJkLW1lbWJlcnMtcmVzaWduLWluLXdha2Utb2YtY29udGVudGlvdXMtbWVldGluZy_SAXFodHRwczovL2ZveDU5LmNvbS9uZXdzL2VkdWNhdGlvbi8yLWNsYXJrLXBsZWFzYW50LXNjaG9vbC1ib2FyZC1tZW1iZXJzLXJlc2lnbi1pbi13YWtlLW9mLWNvbnRlbnRpb3VzLW1lZXRpbmcvYW1wLw?oc=5,threats over mask policy
St. Charles,IL,Carolyn Waible,female,school board member,2021,District 303 school board member resigns over 'unrelenting harassment' - Daily Herald,https://news.google.com/__i/rss/rd/articles/CBMibmh0dHBzOi8vd3d3LmRhaWx5aGVyYWxkLmNvbS9uZXdzLzIwMjExMDE0L2Rpc3RyaWN0LTMwMy1zY2hvb2wtYm9hcmQtbWVtYmVyLXJlc2lnbnMtb3Zlci11bnJlbGVudGluZy1oYXJhc3NtZW500gEA?oc=5,dead animals thrown on driveway; followed and recorded; home broken into
Franklin County,MO,Angie Hittson,female,health department director,2021,"I just can't take it': Franklin County health director resigns after verbal assaults, death threats - KSDK.com",https://news.google.com/__i/rss/rd/articles/CBMiogFodHRwczovL3d3dy5rc2RrLmNvbS9hcnRpY2xlL25ld3MvaGVhbHRoL2Nvcm9uYXZpcnVzL2ZyYW5rbGluLWNvdW50eS1oZWFsdGgtZGlyZWN0b3ItcmVzaWducy12ZXJiYWwtYXNzYXVsdHMtZGVhdGgtdGhyZWF0cy82My0wYzAyMmZkYy1iZGUxLTRkODctOWM1MS1jMjIxYjNhOGU0OWTSAaYBaHR0cHM6Ly93d3cua3Nkay5jb20vYW1wL2FydGljbGUvbmV3cy9oZWFsdGgvY29yb25hdmlydXMvZnJhbmtsaW4tY291bnR5LWhlYWx0aC1kaXJlY3Rvci1yZXNpZ25zLXZlcmJhbC1hc3NhdWx0cy1kZWF0aC10aHJlYXRzLzYzLTBjMDIyZmRjLWJkZTEtNGQ4Ny05YzUxLWMyMjFiM2E4ZTQ5ZA?oc=5,threats against her and her family
Fort Worth,TX,Norma Garcia-Lopez,female,racial equity committee member,2021,Fort Worth ISD racial equity co-chair resigns after threats - Spectrum News,https://news.google.com/__i/rss/rd/articles/CBMihQFodHRwczovL3NwZWN0cnVtbG9jYWxuZXdzLmNvbS90eC9zb3V0aC10ZXhhcy1lbC1wYXNvL2VkdWNhdGlvbi8yMDIxLzEyLzIzL2ZvcnQtd29ydGgtaXNkLXJhY2lhbC1lcXVpdHktY28tY2hhaXItcmVzaWducy1hZnRlci10aHJlYXRz0gEA?oc=5,racist and threatening social media and phone threats
Newberg,OR,Ines Peña,female,school board member,2022,"Newberg school board member announces resignation, citing 'toxic work environment' - KGW.com",https://news.google.com/__i/rss/rd/articles/CBMid2h0dHBzOi8vd3d3Lmtndy5jb20vYXJ0aWNsZS9uZXdzL2xvY2FsL25ld2Jlcmctc2Nob29sLWJvYXJkLW1lbWJlci1yZXNpZ25hdGlvbi8yODMtZDUwMzVmNWEtMDk5ZS00NzI4LTgxZTEtMzY1MGM5OWJkOTE30gF7aHR0cHM6Ly93d3cua2d3LmNvbS9hbXAvYXJ0aWNsZS9uZXdzL2xvY2FsL25ld2Jlcmctc2Nob29sLWJvYXJkLW1lbWJlci1yZXNpZ25hdGlvbi8yODMtZDUwMzVmNWEtMDk5ZS00NzI4LTgxZTEtMzY1MGM5OWJkOTE3?oc=5,toxic work environment; fears for safety
Nampa,ID,Mike Kipp,male,school board member,2022,"Nampa School District board trustee resigns, cites 'demoralizing' arguments - KTVB.com",https://news.google.com/__i/rss/rd/articles/CBMipQFodHRwczovL3d3dy5rdHZiLmNvbS9hcnRpY2xlL25ld3MvbG9jYWwvaWRhaG8tcHJlc3MvdHJ1c3RlZS1yZXNpZ25zLW5hbXBhLXNjaG9vbC1kaXN0cmljdC1ib2FyZC1jaXRlcy1kZW1vcmFsaXppbmctYXJndW1lbnRzLzI3Ny1hZTI4MjFhNi1jOTBmLTQzOGYtYTA3Zi05MDgzYWE0ZGNjMTfSAakBaHR0cHM6Ly93d3cua3R2Yi5jb20vYW1wL2FydGljbGUvbmV3cy9sb2NhbC9pZGFoby1wcmVzcy90cnVzdGVlLXJlc2lnbnMtbmFtcGEtc2Nob29sLWRpc3RyaWN0LWJvYXJkLWNpdGVzLWRlbW9yYWxpemluZy1hcmd1bWVudHMvMjc3LWFlMjgyMWE2LWM5MGYtNDM4Zi1hMDdmLTkwODNhYTRkY2MxNw?oc=5,"""demoralizing"" messages"
Cedarburg,WI,Jennifer Calzada,female,school board member,2022,Cedarburg School Board member Jennifer Calzada resigns due to harassment - Greater Milwaukee Today | GMToday.com,https://news.google.com/__i/rss/rd/articles/CBMipAFodHRwczovL3d3dy5nbXRvZGF5LmNvbS9uZXdzX2dyYXBoaWMvbmV3cy9jZWRhcmJ1cmctc2Nob29sLWJvYXJkLW1lbWJlci1qZW5uaWZlci1jYWx6YWRhLXJlc2lnbnMtZHVlLXRvLWhhcmFzc21lbnQvYXJ0aWNsZV8wMGE1N2UyMi04MzAyLTExZWMtYjhmZS01MzU5NjY4MWE2MWEuaHRtbNIBAA?oc=5,harassment of herself and family
Oswego,IL,Donna Marino,female,school board president,2022,BREAKING: Oswego School District 308 Board president resigns for 'well-being of herself and her family' - Kendall County Now,https://news.google.com/__i/rss/rd/articles/CBMikAFodHRwczovL3d3dy5zaGF3bG9jYWwuY29tL2tlbmRhbGwtY291bnR5LW5vdy9uZXdzL2VkdWNhdGlvbi8yMDIyLzAyLzE0L2JyZWFraW5nLW9zd2Vnby1zY2hvb2wtZGlzdHJpY3QtMzA4LWJvYXJkLW9mLWVkdWNhdGlvbi1wcmVzaWRlbnQtcmVzaWducy_SAQA?oc=5,harassment
Gardner,KS,Kristen Schultz,female,school board member,2022,"Insults, attacks, threats. And a 4th resignation on this Johnson County school board - Kansas City Star",https://news.google.com/__i/rss/rd/articles/CBMiRWh0dHBzOi8vd3d3LmthbnNhc2NpdHkuY29tL25ld3MvbG9jYWwvZWR1Y2F0aW9uL2FydGljbGUyNTg5NjcwOTguaHRtbNIBAA?oc=5,text telling her to kill herself; threats at dinner
Wauwatosa,WI,Steve Doman,male,school board president,2022,"Wauwatosa school board president abruptly resigns, citing threat - Milwaukee Journal Sentinel",https://news.google.com/__i/rss/rd/articles/CBMioQFodHRwczovL3d3dy5qc29ubGluZS5jb20vc3RvcnkvY29tbXVuaXRpZXMvd2VzdC9uZXdzL3dhdXdhdG9zYS8yMDIyLzA1LzE0L3dhdXdhdG9zYS1zY2hvb2wtYm9hcmQtcHJlc2lkZW50LXN0ZXZlLWRvbWFuLWFicnVwdGx5LXJlc2lnbnMtY2l0aW5nLXRocmVhdC85NzYxNzU1MDAyL9IBAA?oc=5,threatening email
Pahrump,NV,Lisa Chamlee,female,justice of the peace,2022,"Pahrump judge Lisa Chamlee resigns citing safety, personal issues - pvtimes.com",https://news.google.com/__i/rss/rd/articles/CBMiYWh0dHBzOi8vcHZ0aW1lcy5jb20vbmV3cy9wYWhydW1wLWp1ZGdlLWxpc2EtY2hhbWxlZS1yZXNpZ25zLWNpdGluZy1zYWZldHktcGVyc29uYWwtaXNzdWVzLTExMDcwMy_SAWVodHRwczovL3B2dGltZXMuY29tL25ld3MvcGFocnVtcC1qdWRnZS1saXNhLWNoYW1sZWUtcmVzaWducy1jaXRpbmctc2FmZXR5LXBlcnNvbmFsLWlzc3Vlcy0xMTA3MDMvYW1wLw?oc=5,feared for safety
Healdsburg,CA,Skylaer Palacios,female,city council member,2022,"Healdsburg councilwoman resigns, citing 'hostile treatment' and 'housing instability' - The Santa Rosa Press Democrat",https://news.google.com/__i/rss/rd/articles/CBMidWh0dHBzOi8vd3d3LnByZXNzZGVtb2NyYXQuY29tL2FydGljbGUvbmV3cy9oZWFsZHNidXJnLWNpdHktY291bmNpbC1tZW1iZXItc2t5bGFlci1wYWxhY2lvcy1yZXNpZ25zLWNpdGluZy1ob3N0aWxlLXRyL9IBAA?oc=5,harassed online; car tampered with; mail opened
Yavapai County,AZ,Leslie Hoffman,female,county recorder,2022,Arizona election officials resign over threats about 2020 - Axios,https://news.google.com/__i/rss/rd/articles/CBMiSmh0dHBzOi8vd3d3LmF4aW9zLmNvbS8yMDIyLzA3LzAzL2FyaXpvbmEtZWxlY3Rpb24tb2ZmaWNpYWxzLXJlc2lnbi10aHJlYXRz0gEA?oc=5,threats over election integrity
Yavapai County,AZ,Lynn Constabile,female,elections director,2022,Arizona election officials resign over threats about 2020 - Axios,https://news.google.com/__i/rss/rd/articles/CBMiSmh0dHBzOi8vd3d3LmF4aW9zLmNvbS8yMDIyLzA3LzAzL2FyaXpvbmEtZWxlY3Rpb24tb2ZmaWNpYWxzLXJlc2lnbi10aHJlYXRz0gEA?oc=5,threats over 2020 election
Fredericksburg,TX,entire staff,,elections office,2022,"Texas election office resigns due to threats, stalking - KXAN.com",https://news.google.com/__i/rss/rd/articles/CBMib2h0dHBzOi8vd3d3Lmt4YW4uY29tL25ld3MvbG9jYWwvaGlsbC1jb3VudHJ5L2dpbGxlc3BpZS1jb3VudHktZWxlY3Rpb25zLW9mZmljZS1yZXNpZ25zLWR1ZS10by10aHJlYXRzLXN0YWxraW5nL9IBAA?oc=5,death threats over 2020 election
The Village,OK,Adam Graham,male,mayor,2022,"Oklahoma town's first openly gay mayor resigns, citing threats and harassment - Axios",https://news.google.com/__i/rss/rd/articles/CBMiQ2h0dHBzOi8vd3d3LmF4aW9zLmNvbS8yMDIyLzA3LzE5L29rbGFob21hLWdheS1tYXlvci1yZXNpZ25zLXRocmVhdHPSAQA?oc=5,slashed tires; followed up from work; threats to dog; harassment
Medford,WI,Shellie Shaw,female,chief veterans service officer,2022,Taylor Co. Veterans Service Officer resigns amid threats - WAOW,https://news.google.com/__i/rss/rd/articles/CBMijwFodHRwczovL3d3dy53YW93LmNvbS9uZXdzL3RvcC1zdG9yaWVzL3RheWxvci1jby12ZXRlcmFucy1zZXJ2aWNlLW9mZmljZXItcmVzaWducy1hbWlkLXRocmVhdHMvYXJ0aWNsZV9hOWQxNjMyOC0yMDEyLTExZWQtYmNkOS1kYjQzYmVlZjY4NGQuaHRtbNIBAA?oc=5,death threats/harassment by members of the county board
Hazleton,PA,Lauren Sacco,female,city council vice president,2022,"Hazleton City Council VP resigns after receiving threats to herself, family - fox56.com",https://news.google.com/__i/rss/rd/articles/CBMiZ2h0dHBzOi8vZm94NTYuY29tL25ld3MvbG9jYWwvaGF6bGV0b24tY2l0eS1jb3VuY2lsLXZwLXJlc2lnbnMtYWZ0ZXItcmVjZWl2aW5nLXRocmVhdHMtdG8taGVyc2VsZi1mYW1pbHnSAWtodHRwczovL2ZveDU2LmNvbS9hbXAvbmV3cy9sb2NhbC9oYXpsZXRvbi1jaXR5LWNvdW5jaWwtdnAtcmVzaWducy1hZnRlci1yZWNlaXZpbmctdGhyZWF0cy10by1oZXJzZWxmLWZhbWlseQ?oc=5,threats to her and family
Madison,WI,Gary Halverson,male,alderman,2022,"Madison City Council member Gary Halverson resigns after threats, vandalism - Madison.com",https://news.google.com/__i/rss/rd/articles/CBMirQFodHRwczovL21hZGlzb24uY29tL25ld3MvbG9jYWwvZ292dC1hbmQtcG9saXRpY3MvbWFkaXNvbi1jaXR5LWNvdW5jaWwtbWVtYmVyLWdhcnktaGFsdmVyc29uLXJlc2lnbnMtYWZ0ZXItdGhyZWF0cy12YW5kYWxpc20vYXJ0aWNsZV9mOGIzNGVmNS04OTExLTU5NzgtODFjMC05ZjkzYmQwZDZlNzkuaHRtbNIBAA?oc=5,threats; vandalism to house